pdf_id,title,conf_date,url
421회-2차-국회본회의-2025-01-23,제22대국회 제421회 2차 국회본회의,2025-01-23,http://likms.assembly.go.kr/record/mhs-10-040-0040.do?conferNum=054706&fileId=0000124454&deviceGubun=P&imsiYn=P
421회-1차-국회본회의-2025-01-17,제22대국회 제421회 1차 국회본회의,2025-01-17,http://likms.assembly.go.kr/record/mhs-10-040-0040.do?conferNum=054697&fileId=0000124182&deviceGubun=P&imsiYn=P
420회-5차-국회본회의-2025-01-09,제22대국회 제420회 5차 국회본회의,2025-01-09,http://likms.assembly.go.kr/record/mhs-10-040-0040.do?conferNum=054673&fileId=0000124061&deviceGubun=P&imsiYn=P
420회-4차-국회본회의-2025-01-08,제22대국회 제420회 4차 국회본회의,2025-01-08,http://likms.assembly.go.kr/record/mhs-10-040-0040.do?conferNum=054669&fileId=0000124010&deviceGubun=P&imsiYn=P
420회-3차-국회본회의-2024-12-31,제22대국회 제420회 3차 국회본회의,2024-12-31,http://likms.assembly.go.kr/record/mhs-10-040-0040.do?conferNum=054658&fileId=0000123843&deviceGubun=P&imsiYn=P
420회-2차-국회본회의-2024-12-27,제22대국회 제420회 2차 국회본회의,2024-12-27,http://likms.assembly.go.kr/record/mhs-10-040-0040.do?conferNum=054643&fileId=0000123803&deviceGubun=P&imsiYn=P
420회-1차-국회본회의-2024-12-26,제22대국회 제420회 1차 국회본회의,2024-12-26,http://likms.assembly.go.kr/record/mhs-10-040-0040.do?conferNum=054639&fileId=0000123793&deviceGubun=P&imsiYn=P
419회-4차-국회본회의-2024-12-14,제22대국회 제419회 4차 국회본회의,2024-12-14,http://likms.assembly.go.kr/record/mhs-10-040-0040.do?conferNum=054580&fileId=0000123558&deviceGubun=P&imsiYn=P
419회-3차-국회본회의-2024-12-13,제22대국회 제419회 3차 국회본회의,2024-12-13,http://likms.assembly.go.kr/record/mhs-10-040-0040.do?conferNum=054572&fileId=0000123510&deviceGubun=P&imsiYn=P
419회-2차-국회본회의-2024-12-12,제22대국회 제419회 2차 국회본회의,2024-12-12,http://likms.assembly.go.kr/record/mhs-10-040-0040.do?conferNum=054569&fileId=0000123498&deviceGubun=P&imsiYn=P
419회-1차-국회본회의-2024-12-11,제22대국회 제419회 1차 국회본회의,2024-12-11,http://likms.assembly.go.kr/record/mhs-10-040-0040.do?conferNum=054556&fileId=0000123469&deviceGubun=P&imsiYn=P
418회-18차-국회본회의-2024-12-10,제22대국회 제418회 18차 국회본회의,2024-12-10,http://likms.assembly.go.kr/record/mhs-10-040-0040.do?conferNum=054547&fileId=0000123451&deviceGubun=P&imsiYn=P
418회-17차-국회본회의-2024-12-07,제22대국회 제418회 17차 국회본회의,2024-12-07,http://likms.assembly.go.kr/record/mhs-10-040-0040.do?conferNum=054525&fileId=0000123406&deviceGubun=P&imsiYn=P
418회-16차-국회본회의-2024-12-05,제22대국회 제418회 16차 국회본회의,2024-12-05,http://likms.assembly.go.kr/record/mhs-10-040-0040.do?conferNum=054502&fileId=0000123319&deviceGubun=P&imsiYn=P
418회-15차-국회본회의-2024-12-04,제22대국회 제418회 15차 국회본회의,2024-12-04,http://likms.assembly.go.kr/record/mhs-10-040-0040.do?conferNum=054491&fileId=0000123297&deviceGubun=P&imsiYn=P
418회-14차-국회본회의-2024-12-02,제22대국회 제418회 14차 국회본회의,2024-12-02,http://likms.assembly.go.kr/record/mhs-10-040-0040.do?conferNum=054478&fileId=0000123267&deviceGubun=P&imsiYn=P
418회-13차-국회본회의-2024-11-28,제22대국회 제418회 13차 국회본회의,2024-11-28,http://likms.assembly.go.kr/record/mhs-10-040-0040.do?conferNum=054447&fileId=0000123181&deviceGubun=P&imsiYn=P
418회-12차-국회본회의-2024-11-14,제22대국회 제418회 12차 국회본회의,2024-11-14,http://likms.assembly.go.kr/record/mhs-10-040-0040.do?conferNum=054323&fileId=0000122687&deviceGubun=P&imsiYn=P
418회-11차-국회본회의-2024-11-04,제22대국회 제418회 11차 국회본회의,2024-11-04,http://likms.assembly.go.kr/record/mhs-10-040-0040.do?conferNum=054264&fileId=0000122557&deviceGubun=P&imsiYn=P
418회-10차-국회본회의-2024-10-04,제22대국회 제418회 10차 국회본회의,2024-10-04,http://likms.assembly.go.kr/record/mhs-10-040-0040.do?conferNum=054151&fileId=0000121782&deviceGubun=P&imsiYn=P
418회-9차-국회본회의-2024-09-26,제22대국회 제418회 9차 국회본회의,2024-09-26,http://likms.assembly.go.kr/record/mhs-10-040-0040.do?conferNum=054123&fileId=0000121677&deviceGubun=P&imsiYn=P
418회-8차-국회본회의-2024-09-19,제22대국회 제418회 8차 국회본회의,2024-09-19,http://likms.assembly.go.kr/record/mhs-10-040-0040.do?conferNum=054106&fileId=0000121522&deviceGubun=P&imsiYn=P
418회-7차-국회본회의-2024-09-12,제22대국회 제418회 7차 국회본회의,2024-09-12,http://likms.assembly.go.kr/record/mhs-10-040-0040.do?conferNum=054089&fileId=0000121377&deviceGubun=P&imsiYn=P
418회-6차-국회본회의-2024-09-11,제22대국회 제418회 6차 국회본회의,2024-09-11,http://likms.assembly.go.kr/record/mhs-10-040-0040.do?conferNum=054081&fileId=0000121263&deviceGubun=P&imsiYn=P
418회-5차-국회본회의-2024-09-10,제22대국회 제418회 5차 국회본회의,2024-09-10,http://likms.assembly.go.kr/record/mhs-10-040-0040.do?conferNum=054076&fileId=0000121253&deviceGubun=P&imsiYn=P
418회-4차-국회본회의-2024-09-09,제22대국회 제418회 4차 국회본회의,2024-09-09,http://likms.assembly.go.kr/record/mhs-10-040-0040.do?conferNum=054071&fileId=0000121240&deviceGubun=P&imsiYn=P
418회-3차-국회본회의-2024-09-05,제22대국회 제418회 3차 국회본회의,2024-09-05,http://likms.assembly.go.kr/record/mhs-10-040-0040.do?conferNum=054053&fileId=0000121202&deviceGubun=P&imsiYn=P
418회-2차-국회본회의-2024-09-04,제22대국회 제418회 2차 국회본회의,2024-09-04,http://likms.assembly.go.kr/record/mhs-10-040-0040.do?conferNum=054047&fileId=0000121165&deviceGubun=P&imsiYn=P
418회-1차-국회본회의-2024-09-02,제22대국회 제418회 1차 국회본회의,2024-09-02,http://likms.assembly.go.kr/record/mhs-10-040-0040.do?conferNum=054036&fileId=0000121115&deviceGubun=P&imsiYn=P
418회-0차-국회본회의-2024-09-02,제22대국회 제418회 0차 국회본회의,2024-09-02,http://likms.assembly.go.kr/record/mhs-10-040-0040.do?conferNum=054037&fileId=0000121117&deviceGubun=P&imsiYn=P
417회-2차-국회본회의-2024-08-28,제22대국회 제417회 2차 국회본회의,2024-08-28,http://likms.assembly.go.kr/record/mhs-10-040-0040.do?conferNum=054002&fileId=0000120956&deviceGubun=P&imsiYn=P
417회-1차-국회본회의-2024-08-05,제22대국회 제417회 1차 국회본회의,2024-08-05,http://likms.assembly.go.kr/record/mhs-10-040-0040.do?conferNum=053956&fileId=0000120423&deviceGubun=P&imsiYn=P
416회-2차-국회본회의-2024-08-01,제22대국회 제416회 2차 국회본회의,2024-08-01,http://likms.assembly.go.kr/record/mhs-10-040-0040.do?conferNum=053950&fileId=0000120411&deviceGubun=P&imsiYn=P
416회-1차-국회본회의-2024-07-25,제22대국회 제416회 1차 국회본회의,2024-07-25,http://likms.assembly.go.kr/record/mhs-10-040-0040.do?conferNum=053938&fileId=0000120334&deviceGubun=P&imsiYn=P
415회-5차-국회본회의-2024-07-03,제22대국회 제415회 5차 국회본회의,2024-07-03,http://likms.assembly.go.kr/record/mhs-10-040-0040.do?conferNum=053892&fileId=0000119821&deviceGubun=P&imsiYn=P
415회-4차-국회본회의-2024-07-02,제22대국회 제415회 4차 국회본회의,2024-07-02,http://likms.assembly.go.kr/record/mhs-10-040-0040.do?conferNum=053889&fileId=0000119815&deviceGubun=P&imsiYn=P
415회-3차-국회본회의-2024-06-27,제22대국회 제415회 3차 국회본회의,2024-06-27,http://likms.assembly.go.kr/record/mhs-10-040-0040.do?conferNum=053880&fileId=0000119750&deviceGubun=P&imsiYn=P
415회-2차-국회본회의-2024-06-10,제22대국회 제415회 2차 국회본회의,2024-06-10,http://likms.assembly.go.kr/record/mhs-10-040-0040.do?conferNum=053847&fileId=0000119447&deviceGubun=P&imsiYn=P
